cluster,resultado,controversia
3,1.0,-0.0
5,0.20600000000000002,0.794
6,0.87013,0.12987000000000004
7,0.6869,0.31310000000000004
8,0.048582,0.951418
9,0.05611,0.94389
10,0.3974,0.6026
11,0.05164,0.9483600000000001
