emocion,intensidad
Confianza,81.24000000000001
Tristeza,43.34399999999997
Miedo,39.276
Alegría,37.306
Expectación,29.369999999999994
Disgusto,25.655999999999995
Enojo,25.330000000000005
Sorpresa,11.844999999999999
